{
  "train_loss": [
    0.08637714385986328,
    0.0679236575961113,
    0.06540754437446594,
    0.06400754302740097,
    0.06317949295043945,
    0.06244663521647453,
    0.06216806173324585,
    0.06166086345911026,
    0.061660949140787125,
    0.06127576157450676,
    0.06115517392754555,
    0.06109413877129555,
    0.06084037944674492,
    0.06072248890995979,
    0.0606531985104084,
    0.06064498797059059,
    0.060622021555900574,
    0.060512807220220566,
    0.060393910855054855,
    0.06042226776480675,
    0.06038283929228783,
    0.06033211201429367,
    0.0603354386985302,
    0.06027040258049965,
    0.06021307036280632,
    0.060257621109485626,
    0.060259077697992325,
    0.06021052226424217,
    0.060222502797842026,
    0.06015947461128235,
    0.06015665456652641,
    0.06014090031385422
  ],
  "train_accuracy": [
    0.6606249809265137,
    0.6624374985694885,
    0.6664166450500488,
    0.6702291369438171,
    0.6756874918937683,
    0.6748958230018616,
    0.6812916398048401,
    0.6815208196640015,
    0.682895839214325,
    0.6851875185966492,
    0.6868333220481873,
    0.6865624785423279,
    0.6891458630561829,
    0.6899374723434448,
    0.6884791851043701,
    0.6902083158493042,
    0.6894166469573975,
    0.6913333535194397,
    0.6901458501815796,
    0.6930416822433472,
    0.6912083625793457,
    0.6910625100135803,
    0.6934375166893005,
    0.6912708282470703,
    0.6941249966621399,
    0.690791666507721,
    0.6909791827201843,
    0.6924166679382324,
    0.6915416717529297,
    0.6934999823570251,
    0.692104160785675,
    0.6912708282470703
  ],
  "train_mae": [
    0.33937498927116394,
    0.3375625014305115,
    0.3335833251476288,
    0.3297708332538605,
    0.3243125081062317,
    0.3251041769981384,
    0.3187083303928375,
    0.31847918033599854,
    0.31710416078567505,
    0.3148125112056732,
    0.31316667795181274,
    0.31343749165534973,
    0.3108541667461395,
    0.3100624978542328,
    0.31152084469795227,
    0.3097916543483734,
    0.31058332324028015,
    0.3086666762828827,
    0.3098541796207428,
    0.3069583475589752,
    0.3087916672229767,
    0.3089583218097687,
    0.30656251311302185,
    0.3087291717529297,
    0.3058750033378601,
    0.30920833349227905,
    0.30902084708213806,
    0.3075833320617676,
    0.3084583282470703,
    0.30649998784065247,
    0.30789583921432495,
    0.3087291717529297
  ],
  "val_loss": [
    0.0680796205997467,
    0.0644259974360466,
    0.06188708171248436,
    0.060972910374403,
    0.06024174764752388,
    0.06008372828364372,
    0.060083966702222824,
    0.05999910458922386,
    0.05995314195752144,
    0.059950266033411026,
    0.05980972945690155,
    0.0598149336874485,
    0.059750691056251526,
    0.05983557179570198,
    0.05984184518456459,
    0.059738095849752426,
    0.059670936316251755,
    0.05974673852324486,
    0.059763889759778976,
    0.05969280004501343,
    0.059746306389570236,
    0.0596822090446949,
    0.05972045660018921,
    0.0597182996571064,
    0.05964989587664604,
    0.05970832705497742,
    0.05969463288784027,
    0.05967571958899498,
    0.05969461798667908,
    0.059736285358667374,
    0.05979408323764801,
    0.05964330956339836
  ],
  "val_accuracy": [
    0.5889999866485596,
    0.6354166865348816,
    0.6729166507720947,
    0.687583327293396,
    0.6941666603088379,
    0.7059999704360962,
    0.7095833420753479,
    0.7083333134651184,
    0.6974166631698608,
    0.7022500038146973,
    0.7045000195503235,
    0.7104166746139526,
    0.7074999809265137,
    0.7078333497047424,
    0.7133333086967468,
    0.7104166746139526,
    0.7124999761581421,
    0.715416669845581,
    0.7095000147819519,
    0.7079166769981384,
    0.7066666483879089,
    0.7082499861717224,
    0.7082499861717224,
    0.7097499966621399,
    0.7039999961853027,
    0.7088333368301392,
    0.7042499780654907,
    0.7016666531562805,
    0.706250011920929,
    0.7048333287239075,
    0.7073333263397217,
    0.7038333415985107
  ],
  "val_mae": [
    0.41100001335144043,
    0.3645833432674408,
    0.3270833194255829,
    0.312416672706604,
    0.3058333396911621,
    0.2939999997615814,
    0.2904166579246521,
    0.2916666567325592,
    0.30258333683013916,
    0.29774999618530273,
    0.2955000102519989,
    0.28958332538604736,
    0.29249998927116394,
    0.29216668009757996,
    0.2866666615009308,
    0.28958332538604736,
    0.2874999940395355,
    0.28458333015441895,
    0.2904999852180481,
    0.2920833230018616,
    0.2933333218097687,
    0.2917500138282776,
    0.2917500138282776,
    0.2902500033378601,
    0.29600000381469727,
    0.29116666316986084,
    0.2957499921321869,
    0.2983333468437195,
    0.29374998807907104,
    0.29516667127609253,
    0.2926666736602783,
    0.29616665840148926
  ],
  "val_auc": [
    0.7859928611111109,
    0.8104724999999999,
    0.8173787916666667,
    0.8196473472222223,
    0.8202384305555557,
    0.8207671111111112,
    0.8211514027777778,
    0.8209082222222222,
    0.8210985833333333,
    0.8211562222222222,
    0.8213459166666667,
    0.8220225416666667,
    0.8215542916666666,
    0.8218437361111112,
    0.8219320277777779,
    0.822507875,
    0.8223961666666667,
    0.8222231666666666,
    0.8217580277777777,
    0.8220295833333333,
    0.8216734305555555,
    0.8220124722222223,
    0.822174375,
    0.8220214305555555,
    0.8219585277777778,
    0.8221871805555556,
    0.8217574305555555,
    0.8219983888888889,
    0.8221361805555556,
    0.821486611111111,
    0.8217554444444444,
    0.8219357500000001
  ],
  "best_threshold": 0.45000000000000007,
  "best_f2": 0.7439056910772359,
  "best_val_auc": 0.8220225416666667
}